Memory Length,4000,
Trigger Level,7.20000e+01,
Source,CH2,
Probe,1.0X,
Vertical Units,V,
Vertical Scale,1.00000e-01,
Vertical Position,0.00000e+00,
Horizontal Units,S,
Horizontal Scale,2.50000e-01,
Horizontal Position,0.0000000e+00,
Horizontal Mode,Roll Mode,
Waveform Last Dot Address,0,
Sampling Period,1.00000e-03,
Firmware,V1.12,
Time, ,
Mode,Fast,
Waveform Data,
Null,
Null,
Null,
Null,
Null,
Null,
Null,
Null,
Null,
Null,
Null,
Null,
Null,
Null,
Null,
Null,
Null,
Null,
Null,
Null,
Null,
Null,
Null,
Null,
Null,
Null,
Null,
Null,
Null,
Null,
Null,
Null,
Null,
Null,
Null,
Null,
Null,
Null,
Null,
Null,
Null,
Null,
Null,
Null,
Null,
Null,
Null,
Null,
Null,
Null,
Null,
Null,
Null,
Null,
Null,
Null,
Null,
Null,
Null,
Null,
Null,
Null,
Null,
Null,
Null,
Null,
Null,
Null,
Null,
Null,
Null,
Null,
Null,
Null,
Null,
Null,
Null,
Null,
Null,
Null,
Null,
Null,
Null,
Null,
Null,
Null,
Null,
Null,
Null,
Null,
Null,
Null,
Null,
Null,
Null,
Null,
Null,
Null,
Null,
Null,
Null,
Null,
Null,
Null,
Null,
Null,
Null,
Null,
Null,
Null,
Null,
Null,
Null,
Null,
Null,
Null,
Null,
Null,
Null,
Null,
Null,
Null,
Null,
Null,
Null,
Null,
Null,
Null,
Null,
Null,
Null,
Null,
Null,
Null,
Null,
Null,
Null,
Null,
Null,
Null,
Null,
Null,
Null,
Null,
Null,
Null,
Null,
Null,
Null,
Null,
Null,
Null,
Null,
Null,
Null,
Null,
Null,
Null,
Null,
Null,
Null,
Null,
Null,
Null,
Null,
Null,
Null,
Null,
Null,
Null,
Null,
Null,
Null,
Null,
Null,
Null,
Null,
Null,
Null,
Null,
Null,
Null,
Null,
Null,
Null,
Null,
Null,
Null,
Null,
Null,
Null,
Null,
Null,
Null,
Null,
Null,
Null,
Null,
Null,
Null,
Null,
Null,
Null,
Null,
Null,
Null,
Null,
Null,
Null,
Null,
Null,
Null,
Null,
Null,
Null,
Null,
Null,
Null,
Null,
Null,
Null,
Null,
Null,
Null,
Null,
Null,
Null,
Null,
Null,
Null,
Null,
Null,
Null,
Null,
Null,
Null,
Null,
Null,
Null,
Null,
Null,
Null,
Null,
Null,
Null,
Null,
Null,
Null,
Null,
Null,
Null,
Null,
Null,
Null,
Null,
Null,
Null,
Null,
Null,
Null,
Null,
Null,
Null,
Null,
Null,
Null,
Null,
Null,
Null,
Null,
Null,
Null,
Null,
Null,
Null,
Null,
Null,
Null,
Null,
Null,
Null,
Null,
Null,
Null,
Null,
Null,
Null,
Null,
Null,
Null,
Null,
Null,
Null,
Null,
Null,
Null,
Null,
Null,
Null,
Null,
Null,
Null,
Null,
Null,
Null,
Null,
Null,
Null,
Null,
Null,
Null,
Null,
Null,
Null,
Null,
Null,
Null,
Null,
Null,
Null,
Null,
Null,
Null,
Null,
Null,
Null,
Null,
Null,
Null,
Null,
Null,
Null,
Null,
Null,
Null,
Null,
Null,
Null,
Null,
Null,
Null,
Null,
Null,
Null,
Null,
Null,
Null,
Null,
Null,
Null,
Null,
Null,
Null,
Null,
Null,
Null,
Null,
Null,
Null,
Null,
Null,
Null,
Null,
Null,
Null,
Null,
Null,
Null,
Null,
Null,
Null,
Null,
Null,
Null,
Null,
Null,
Null,
Null,
Null,
Null,
Null,
Null,
Null,
Null,
Null,
Null,
Null,
Null,
Null,
Null,
Null,
Null,
Null,
Null,
Null,
Null,
Null,
Null,
Null,
Null,
Null,
Null,
Null,
Null,
Null,
Null,
Null,
Null,
Null,
Null,
Null,
Null,
Null,
Null,
Null,
Null,
Null,
Null,
Null,
Null,
Null,
Null,
Null,
Null,
Null,
Null,
Null,
Null,
Null,
Null,
Null,
Null,
Null,
Null,
Null,
Null,
Null,
Null,
Null,
Null,
Null,
Null,
Null,
Null,
Null,
Null,
Null,
Null,
Null,
Null,
Null,
Null,
Null,
Null,
Null,
Null,
Null,
Null,
Null,
Null,
Null,
Null,
Null,
Null,
Null,
Null,
Null,
Null,
Null,
Null,
Null,
Null,
Null,
Null,
Null,
Null,
Null,
Null,
Null,
Null,
Null,
Null,
Null,
Null,
Null,
Null,
Null,
Null,
Null,
Null,
Null,
Null,
Null,
Null,
Null,
Null,
Null,
Null,
Null,
Null,
Null,
Null,
Null,
Null,
Null,
Null,
Null,
Null,
Null,
Null,
Null,
Null,
Null,
Null,
Null,
Null,
Null,
Null,
Null,
Null,
Null,
Null,
Null,
Null,
Null,
Null,
Null,
Null,
Null,
Null,
Null,
Null,
Null,
Null,
Null,
Null,
Null,
Null,
Null,
Null,
Null,
Null,
Null,
Null,
Null,
Null,
Null,
Null,
Null,
Null,
Null,
Null,
Null,
Null,
Null,
Null,
Null,
Null,
Null,
Null,
Null,
Null,
Null,
Null,
Null,
Null,
Null,
Null,
Null,
Null,
Null,
Null,
Null,
Null,
Null,
Null,
Null,
Null,
Null,
Null,
Null,
Null,
Null,
Null,
Null,
Null,
Null,
Null,
Null,
Null,
Null,
Null,
Null,
Null,
Null,
Null,
Null,
Null,
Null,
Null,
Null,
Null,
Null,
Null,
Null,
Null,
Null,
Null,
Null,
Null,
Null,
Null,
Null,
Null,
Null,
Null,
Null,
Null,
Null,
Null,
Null,
Null,
Null,
Null,
Null,
Null,
Null,
Null,
Null,
Null,
Null,
Null,
Null,
Null,
Null,
Null,
Null,
Null,
Null,
Null,
Null,
Null,
Null,
Null,
Null,
Null,
Null,
Null,
Null,
Null,
Null,
Null,
Null,
Null,
Null,
Null,
Null,
Null,
Null,
Null,
Null,
Null,
Null,
Null,
Null,
Null,
Null,
Null,
Null,
Null,
Null,
Null,
Null,
Null,
Null,
Null,
Null,
Null,
Null,
Null,
Null,
Null,
Null,
Null,
Null,
Null,
Null,
Null,
Null,
Null,
Null,
Null,
Null,
Null,
Null,
Null,
Null,
Null,
Null,
Null,
Null,
Null,
Null,
Null,
Null,
Null,
Null,
Null,
Null,
Null,
Null,
Null,
Null,
Null,
Null,
Null,
Null,
Null,
Null,
Null,
Null,
Null,
Null,
Null,
Null,
Null,
Null,
Null,
Null,
Null,
Null,
Null,
Null,
Null,
Null,
Null,
Null,
Null,
Null,
Null,
Null,
Null,
Null,
Null,
Null,
Null,
Null,
Null,
Null,
Null,
Null,
Null,
Null,
Null,
Null,
Null,
Null,
Null,
Null,
Null,
Null,
Null,
Null,
Null,
Null,
Null,
Null,
Null,
Null,
Null,
Null,
Null,
Null,
Null,
Null,
Null,
Null,
Null,
Null,
Null,
Null,
Null,
Null,
Null,
Null,
Null,
Null,
Null,
Null,
Null,
Null,
Null,
Null,
Null,
Null,
Null,
Null,
Null,
Null,
Null,
Null,
Null,
Null,
Null,
Null,
Null,
Null,
Null,
Null,
Null,
Null,
Null,
Null,
Null,
Null,
Null,
Null,
Null,
Null,
Null,
Null,
Null,
Null,
Null,
Null,
Null,
Null,
Null,
Null,
Null,
Null,
Null,
Null,
Null,
Null,
Null,
Null,
Null,
Null,
Null,
Null,
Null,
Null,
Null,
Null,
Null,
Null,
Null,
Null,
Null,
Null,
Null,
Null,
Null,
Null,
Null,
Null,
Null,
Null,
Null,
Null,
Null,
Null,
Null,
Null,
Null,
Null,
Null,
Null,
Null,
Null,
Null,
Null,
Null,
Null,
Null,
Null,
Null,
Null,
Null,
Null,
Null,
Null,
Null,
Null,
Null,
Null,
Null,
Null,
Null,
Null,
Null,
Null,
Null,
Null,
Null,
Null,
Null,
Null,
Null,
Null,
Null,
Null,
Null,
Null,
Null,
Null,
Null,
Null,
Null,
Null,
Null,
Null,
Null,
Null,
Null,
Null,
Null,
Null,
Null,
Null,
Null,
Null,
Null,
Null,
Null,
Null,
Null,
Null,
Null,
Null,
Null,
Null,
Null,
Null,
Null,
Null,
Null,
Null,
Null,
Null,
Null,
Null,
Null,
Null,
Null,
Null,
Null,
Null,
Null,
Null,
Null,
Null,
Null,
Null,
Null,
Null,
Null,
Null,
Null,
Null,
Null,
Null,
Null,
Null,
Null,
Null,
Null,
Null,
Null,
Null,
Null,
Null,
Null,
Null,
Null,
Null,
Null,
Null,
Null,
Null,
Null,
Null,
Null,
Null,
Null,
Null,
Null,
Null,
Null,
Null,
Null,
Null,
Null,
Null,
Null,
Null,
Null,
Null,
Null,
Null,
Null,
Null,
Null,
Null,
Null,
Null,
Null,
Null,
Null,
Null,
Null,
Null,
Null,
Null,
Null,
Null,
Null,
Null,
Null,
Null,
Null,
Null,
Null,
Null,
Null,
Null,
Null,
Null,
Null,
Null,
Null,
Null,
Null,
Null,
Null,
Null,
Null,
Null,
Null,
Null,
Null,
Null,
Null,
Null,
Null,
Null,
Null,
Null,
Null,
Null,
Null,
Null,
Null,
Null,
Null,
Null,
Null,
Null,
Null,
Null,
Null,
Null,
Null,
Null,
Null,
Null,
Null,
Null,
Null,
Null,
Null,
Null,
Null,
Null,
Null,
Null,
Null,
Null,
Null,
Null,
Null,
Null,
Null,
Null,
Null,
Null,
Null,
Null,
Null,
Null,
Null,
Null,
Null,
Null,
Null,
Null,
Null,
Null,
Null,
Null,
Null,
Null,
Null,
Null,
Null,
Null,
Null,
Null,
Null,
Null,
Null,
Null,
Null,
Null,
Null,
Null,
Null,
Null,
Null,
Null,
Null,
Null,
Null,
Null,
Null,
Null,
Null,
Null,
Null,
Null,
Null,
Null,
Null,
Null,
Null,
Null,
Null,
Null,
Null,
Null,
Null,
Null,
Null,
Null,
Null,
Null,
Null,
Null,
Null,
Null,
Null,
Null,
Null,
Null,
Null,
Null,
Null,
Null,
Null,
Null,
Null,
Null,
Null,
Null,
Null,
Null,
Null,
Null,
Null,
Null,
Null,
Null,
Null,
Null,
Null,
Null,
Null,
Null,
Null,
Null,
Null,
Null,
Null,
Null,
Null,
Null,
Null,
Null,
Null,
Null,
Null,
Null,
Null,
Null,
Null,
Null,
Null,
Null,
Null,
Null,
Null,
Null,
Null,
Null,
Null,
Null,
Null,
Null,
Null,
Null,
Null,
Null,
Null,
Null,
Null,
Null,
Null,
Null,
Null,
Null,
Null,
Null,
Null,
Null,
Null,
Null,
Null,
Null,
Null,
Null,
Null,
Null,
Null,
Null,
Null,
Null,
Null,
Null,
Null,
Null,
Null,
Null,
Null,
Null,
Null,
Null,
Null,
Null,
Null,
Null,
Null,
Null,
Null,
Null,
Null,
Null,
Null,
Null,
Null,
Null,
Null,
Null,
Null,
Null,
Null,
Null,
Null,
Null,
Null,
Null,
Null,
Null,
Null,
Null,
Null,
Null,
Null,
Null,
Null,
Null,
Null,
Null,
Null,
Null,
Null,
Null,
Null,
Null,
Null,
Null,
Null,
Null,
Null,
Null,
Null,
Null,
Null,
Null,
Null,
Null,
Null,
Null,
Null,
Null,
Null,
Null,
Null,
Null,
Null,
Null,
Null,
Null,
Null,
Null,
Null,
Null,
Null,
Null,
Null,
Null,
Null,
Null,
Null,
Null,
Null,
Null,
Null,
Null,
Null,
Null,
Null,
Null,
Null,
Null,
Null,
Null,
Null,
Null,
Null,
Null,
Null,
Null,
Null,
Null,
Null,
Null,
Null,
Null,
Null,
Null,
Null,
Null,
Null,
Null,
Null,
Null,
Null,
Null,
Null,
Null,
Null,
Null,
Null,
Null,
Null,
Null,
Null,
Null,
Null,
Null,
Null,
Null,
Null,
Null,
Null,
Null,
Null,
Null,
Null,
Null,
Null,
Null,
Null,
Null,
Null,
Null,
Null,
Null,
Null,
Null,
Null,
Null,
Null,
Null,
Null,
Null,
Null,
Null,
Null,
Null,
Null,
Null,
Null,
Null,
Null,
Null,
Null,
Null,
Null,
Null,
Null,
Null,
Null,
Null,
Null,
Null,
Null,
Null,
Null,
Null,
Null,
Null,
Null,
Null,
Null,
Null,
Null,
Null,
Null,
Null,
Null,
Null,
Null,
Null,
Null,
Null,
Null,
Null,
Null,
Null,
Null,
Null,
Null,
Null,
Null,
Null,
Null,
Null,
Null,
Null,
Null,
Null,
Null,
Null,
Null,
Null,
Null,
Null,
Null,
Null,
Null,
Null,
Null,
Null,
Null,
Null,
Null,
Null,
Null,
Null,
Null,
Null,
Null,
Null,
Null,
Null,
Null,
Null,
Null,
Null,
Null,
Null,
Null,
Null,
Null,
Null,
Null,
Null,
Null,
Null,
Null,
Null,
Null,
Null,
Null,
Null,
Null,
Null,
Null,
Null,
Null,
Null,
Null,
Null,
Null,
Null,
Null,
Null,
Null,
Null,
Null,
Null,
Null,
Null,
Null,
Null,
Null,
Null,
Null,
Null,
Null,
Null,
Null,
Null,
Null,
Null,
Null,
Null,
Null,
Null,
Null,
Null,
Null,
Null,
Null,
Null,
Null,
Null,
Null,
Null,
Null,
Null,
Null,
Null,
Null,
Null,
Null,
Null,
Null,
Null,
Null,
Null,
Null,
Null,
Null,
Null,
Null,
Null,
Null,
Null,
Null,
Null,
Null,
Null,
Null,
Null,
Null,
Null,
Null,
Null,
Null,
Null,
Null,
Null,
Null,
Null,
Null,
Null,
Null,
Null,
Null,
Null,
Null,
Null,
Null,
Null,
Null,
Null,
Null,
Null,
Null,
Null,
Null,
Null,
Null,
Null,
Null,
Null,
Null,
Null,
Null,
Null,
Null,
Null,
Null,
Null,
Null,
Null,
Null,
Null,
Null,
Null,
Null,
Null,
Null,
Null,
Null,
Null,
Null,
Null,
Null,
Null,
Null,
Null,
Null,
Null,
Null,
Null,
Null,
Null,
Null,
Null,
Null,
Null,
Null,
Null,
Null,
Null,
Null,
Null,
Null,
Null,
Null,
Null,
Null,
Null,
Null,
Null,
Null,
Null,
Null,
Null,
Null,
Null,
Null,
Null,
Null,
Null,
Null,
Null,
Null,
Null,
Null,
Null,
Null,
Null,
Null,
Null,
Null,
Null,
Null,
Null,
Null,
Null,
Null,
Null,
Null,
Null,
Null,
Null,
Null,
Null,
Null,
Null,
Null,
Null,
Null,
Null,
Null,
Null,
Null,
Null,
Null,
Null,
Null,
Null,
Null,
Null,
Null,
Null,
Null,
Null,
Null,
Null,
Null,
Null,
Null,
Null,
Null,
Null,
Null,
Null,
Null,
Null,
Null,
Null,
Null,
Null,
Null,
Null,
Null,
Null,
Null,
Null,
Null,
Null,
Null,
Null,
Null,
Null,
Null,
Null,
Null,
Null,
Null,
Null,
Null,
Null,
Null,
Null,
Null,
Null,
Null,
Null,
Null,
Null,
Null,
Null,
Null,
Null,
Null,
Null,
Null,
Null,
Null,
Null,
Null,
Null,
Null,
Null,
Null,
Null,
Null,
Null,
Null,
Null,
Null,
Null,
Null,
Null,
Null,
Null,
Null,
Null,
Null,
Null,
Null,
Null,
Null,
Null,
Null,
Null,
Null,
Null,
Null,
Null,
Null,
Null,
Null,
Null,
Null,
Null,
Null,
Null,
Null,
Null,
Null,
Null,
Null,
Null,
Null,
Null,
Null,
Null,
Null,
Null,
Null,
Null,
Null,
Null,
Null,
Null,
Null,
Null,
Null,
Null,
Null,
Null,
Null,
Null,
Null,
Null,
Null,
Null,
Null,
Null,
Null,
Null,
Null,
Null,
Null,
Null,
Null,
Null,
Null,
Null,
Null,
Null,
Null,
Null,
Null,
Null,
Null,
Null,
Null,
Null,
Null,
Null,
Null,
Null,
Null,
Null,
Null,
Null,
Null,
Null,
Null,
Null,
Null,
Null,
Null,
Null,
Null,
Null,
Null,
Null,
Null,
Null,
Null,
Null,
Null,
Null,
Null,
Null,
Null,
Null,
Null,
Null,
Null,
Null,
Null,
Null,
Null,
Null,
Null,
Null,
Null,
Null,
Null,
Null,
Null,
Null,
Null,
Null,
Null,
Null,
Null,
Null,
Null,
Null,
Null,
Null,
Null,
Null,
Null,
Null,
Null,
Null,
Null,
Null,
Null,
Null,
Null,
Null,
Null,
Null,
Null,
Null,
Null,
Null,
Null,
Null,
Null,
Null,
Null,
Null,
Null,
Null,
Null,
Null,
Null,
Null,
Null,
Null,
Null,
Null,
Null,
Null,
Null,
Null,
Null,
Null,
Null,
Null,
Null,
Null,
Null,
Null,
Null,
Null,
Null,
Null,
Null,
Null,
Null,
Null,
Null,
Null,
Null,
Null,
Null,
Null,
Null,
Null,
Null,
Null,
Null,
Null,
Null,
Null,
Null,
Null,
Null,
Null,
Null,
Null,
Null,
Null,
Null,
Null,
Null,
Null,
Null,
Null,
Null,
Null,
Null,
Null,
Null,
Null,
Null,
Null,
Null,
Null,
Null,
Null,
Null,
Null,
Null,
Null,
Null,
Null,
Null,
Null,
Null,
Null,
Null,
Null,
Null,
Null,
Null,
Null,
Null,
Null,
Null,
Null,
Null,
Null,
Null,
Null,
Null,
Null,
Null,
Null,
Null,
Null,
Null,
Null,
Null,
Null,
Null,
Null,
Null,
Null,
Null,
Null,
Null,
Null,
Null,
Null,
Null,
Null,
Null,
Null,
Null,
Null,
Null,
Null,
Null,
Null,
Null,
Null,
Null,
Null,
Null,
Null,
Null,
Null,
Null,
Null,
Null,
Null,
Null,
Null,
Null,
Null,
Null,
Null,
Null,
Null,
Null,
Null,
Null,
Null,
Null,
Null,
Null,
Null,
Null,
Null,
Null,
Null,
Null,
Null,
Null,
Null,
Null,
Null,
Null,
Null,
Null,
Null,
Null,
Null,
Null,
Null,
Null,
Null,
Null,
Null,
Null,
Null,
Null,
Null,
Null,
Null,
Null,
Null,
Null,
Null,
Null,
Null,
Null,
Null,
Null,
Null,
Null,
Null,
Null,
Null,
Null,
Null,
Null,
Null,
Null,
Null,
Null,
Null,
Null,
Null,
Null,
Null,
Null,
Null,
Null,
Null,
Null,
Null,
Null,
Null,
Null,
Null,
Null,
Null,
Null,
Null,
Null,
Null,
Null,
Null,
Null,
Null,
Null,
Null,
Null,
Null,
Null,
Null,
Null,
Null,
Null,
Null,
Null,
Null,
Null,
Null,
Null,
Null,
Null,
Null,
Null,
Null,
Null,
Null,
Null,
Null,
Null,
Null,
Null,
Null,
Null,
Null,
Null,
Null,
Null,
Null,
Null,
Null,
Null,
Null,
Null,
Null,
Null,
Null,
Null,
Null,
Null,
Null,
Null,
Null,
Null,
Null,
Null,
Null,
Null,
Null,
Null,
Null,
Null,
Null,
Null,
Null,
Null,
Null,
Null,
Null,
Null,
Null,
Null,
Null,
Null,
Null,
Null,
Null,
Null,
Null,
Null,
Null,
Null,
Null,
Null,
Null,
Null,
Null,
Null,
Null,
Null,
Null,
Null,
Null,
Null,
Null,
Null,
Null,
Null,
Null,
Null,
Null,
Null,
Null,
Null,
Null,
Null,
Null,
Null,
Null,
Null,
Null,
Null,
Null,
Null,
Null,
Null,
Null,
Null,
Null,
Null,
Null,
Null,
Null,
Null,
Null,
Null,
Null,
Null,
Null,
Null,
Null,
Null,
Null,
Null,
Null,
Null,
Null,
Null,
Null,
Null,
Null,
Null,
Null,
Null,
Null,
Null,
Null,
Null,
Null,
Null,
Null,
Null,
Null,
Null,
Null,
Null,
Null,
Null,
Null,
Null,
Null,
Null,
Null,
Null,
Null,
Null,
Null,
Null,
Null,
Null,
Null,
Null,
Null,
Null,
Null,
Null,
Null,
Null,
Null,
Null,
Null,
Null,
Null,
Null,
Null,
Null,
Null,
Null,
Null,
Null,
Null,
Null,
Null,
Null,
Null,
Null,
Null,
Null,
Null,
Null,
Null,
Null,
Null,
Null,
Null,
Null,
Null,
Null,
Null,
Null,
Null,
Null,
Null,
Null,
Null,
Null,
Null,
Null,
Null,
Null,
Null,
Null,
Null,
Null,
Null,
Null,
Null,
Null,
Null,
Null,
Null,
Null,
Null,
Null,
Null,
Null,
Null,
Null,
Null,
Null,
Null,
Null,
Null,
Null,
Null,
Null,
Null,
Null,
Null,
Null,
Null,
Null,
Null,
Null,
Null,
Null,
Null,
Null,
Null,
Null,
Null,
Null,
Null,
Null,
Null,
Null,
Null,
Null,
Null,
Null,
Null,
Null,
Null,
Null,
Null,
Null,
Null,
Null,
Null,
Null,
Null,
Null,
Null,
Null,
Null,
Null,
Null,
Null,
Null,
Null,
Null,
Null,
Null,
Null,
Null,
Null,
Null,
Null,
Null,
Null,
Null,
Null,
Null,
Null,
Null,
Null,
Null,
Null,
Null,
Null,
Null,
Null,
Null,
Null,
Null,
Null,
Null,
Null,
Null,
Null,
Null,
Null,
Null,
Null,
Null,
Null,
Null,
Null,
Null,
Null,
Null,
Null,
Null,
Null,
Null,
Null,
Null,
Null,
Null,
Null,
Null,
Null,
Null,
Null,
Null,
Null,
Null,
Null,
Null,
Null,
Null,
Null,
Null,
Null,
Null,
Null,
Null,
Null,
Null,
Null,
Null,
Null,
Null,
Null,
Null,
Null,
Null,
Null,
Null,
Null,
Null,
Null,
Null,
Null,
Null,
Null,
Null,
Null,
Null,
Null,
Null,
Null,
Null,
Null,
Null,
Null,
Null,
Null,
Null,
Null,
Null,
Null,
Null,
Null,
Null,
Null,
Null,
Null,
Null,
Null,
Null,
Null,
Null,
Null,
Null,
Null,
Null,
Null,
Null,
Null,
Null,
Null,
Null,
Null,
Null,
Null,
Null,
Null,
Null,
Null,
Null,
Null,
Null,
Null,
Null,
Null,
Null,
Null,
Null,
Null,
Null,
Null,
Null,
Null,
Null,
Null,
Null,
Null,
Null,
Null,
Null,
Null,
Null,
Null,
Null,
Null,
Null,
Null,
Null,
Null,
Null,
Null,
Null,
Null,
Null,
Null,
Null,
Null,
Null,
Null,
Null,
Null,
Null,
Null,
Null,
Null,
Null,
Null,
Null,
Null,
Null,
Null,
Null,
Null,
Null,
Null,
Null,
Null,
Null,
Null,
Null,
Null,
Null,
Null,
Null,
Null,
Null,
Null,
Null,
Null,
Null,
Null,
Null,
Null,
Null,
Null,
Null,
Null,
Null,
Null,
Null,
Null,
Null,
Null,
Null,
Null,
Null,
Null,
Null,
Null,
Null,
Null,
Null,
Null,
Null,
Null,
Null,
Null,
Null,
Null,
Null,
Null,
Null,
Null,
Null,
Null,
Null,
Null,
Null,
Null,
Null,
Null,
Null,
Null,
Null,
Null,
Null,
Null,
Null,
Null,
Null,
Null,
Null,
Null,
Null,
Null,
Null,
Null,
Null,
Null,
Null,
Null,
Null,
Null,
Null,
Null,
Null,
Null,
Null,
Null,
Null,
Null,
Null,
Null,
Null,
Null,
Null,
Null,
Null,
Null,
Null,
Null,
Null,
Null,
Null,
Null,
Null,
Null,
Null,
Null,
Null,
Null,
Null,
Null,
Null,
Null,
Null,
Null,
Null,
Null,
Null,
Null,
Null,
Null,
Null,
Null,
Null,
Null,
Null,
Null,
Null,
Null,
Null,
Null,
Null,
Null,
Null,
Null,
Null,
Null,
Null,
Null,
Null,
Null,
Null,
Null,
Null,
Null,
Null,
Null,
Null,
Null,
Null,
Null,
Null,
Null,
Null,
Null,
Null,
Null,
Null,
Null,
Null,
Null,
Null,
Null,
Null,
Null,
Null,
Null,
Null,
Null,
Null,
Null,
Null,
Null,
Null,
Null,
Null,
Null,
Null,
Null,
Null,
Null,
Null,
Null,
Null,
Null,
Null,
Null,
Null,
Null,
Null,
Null,
Null,
Null,
Null,
Null,
Null,
Null,
Null,
Null,
Null,
Null,
Null,
Null,
Null,
Null,
Null,
Null,
Null,
Null,
Null,
Null,
Null,
Null,
Null,
Null,
Null,
Null,
Null,
Null,
Null,
Null,
Null,
Null,
Null,
Null,
Null,
Null,
Null,
Null,
Null,
Null,
Null,
Null,
Null,
Null,
Null,
Null,
Null,
Null,
Null,
Null,
Null,
Null,
Null,
Null,
Null,
Null,
Null,
Null,
Null,
Null,
Null,
Null,
Null,
Null,
Null,
Null,
Null,
Null,
Null,
Null,
Null,
Null,
Null,
Null,
Null,
Null,
Null,
Null,
Null,
Null,
Null,
Null,
Null,
Null,
Null,
Null,
Null,
Null,
Null,
Null,
Null,
Null,
Null,
Null,
Null,
Null,
Null,
Null,
Null,
Null,
Null,
Null,
Null,
Null,
Null,
Null,
Null,
Null,
Null,
Null,
Null,
Null,
Null,
Null,
Null,
Null,
Null,
Null,
Null,
Null,
Null,
Null,
Null,
Null,
Null,
Null,
Null,
Null,
Null,
Null,
Null,
Null,
Null,
Null,
Null,
Null,
Null,
Null,
Null,
Null,
Null,
Null,
Null,
Null,
Null,
Null,
Null,
Null,
Null,
Null,
Null,
Null,
Null,
Null,
Null,
Null,
Null,
Null,
Null,
Null,
Null,
Null,
Null,
Null,
Null,
Null,
Null,
Null,
Null,
Null,
Null,
Null,
Null,
Null,
Null,
Null,
Null,
Null,
Null,
Null,
Null,
Null,
Null,
Null,
Null,
Null,
Null,
Null,
Null,
Null,
Null,
Null,
Null,
Null,
Null,
Null,
Null,
Null,
Null,
Null,
Null,
Null,
Null,
Null,
Null,
Null,
Null,
Null,
Null,
Null,
Null,
Null,
Null,
Null,
Null,
Null,
Null,
Null,
Null,
Null,
Null,
Null,
Null,
Null,
Null,
Null,
Null,
Null,
Null,
Null,
Null,
Null,
Null,
Null,
Null,
Null,
Null,
Null,
Null,
Null,
Null,
Null,
Null,
Null,
Null,
Null,
Null,
Null,
Null,
Null,
Null,
Null,
Null,
Null,
Null,
Null,
Null,
Null,
Null,
Null,
Null,
Null,
Null,
Null,
Null,
Null,
Null,
Null,
Null,
Null,
Null,
Null,
Null,
Null,
Null,
Null,
Null,
Null,
Null,
Null,
Null,
Null,
Null,
Null,
Null,
Null,
Null,
Null,
Null,
Null,
Null,
Null,
Null,
Null,
Null,
Null,
Null,
Null,
Null,
Null,
Null,
Null,
Null,
Null,
Null,
Null,
Null,
Null,
Null,
Null,
Null,
Null,
Null,
Null,
Null,
Null,
Null,
Null,
Null,
Null,
Null,
Null,
Null,
Null,
Null,
Null,
Null,
Null,
Null,
Null,
Null,
Null,
Null,
Null,
Null,
Null,
Null,
Null,
Null,
Null,
Null,
Null,
Null,
Null,
Null,
Null,
Null,
Null,
Null,
Null,
Null,
Null,
Null,
Null,
Null,
Null,
Null,
Null,
Null,
Null,
Null,
Null,
Null,
Null,
Null,
Null,
Null,
Null,
Null,
Null,
Null,
Null,
Null,
Null,
Null,
Null,
Null,
Null,
Null,
Null,
Null,
Null,
Null,
Null,
Null,
Null,
Null,
Null,
Null,
Null,
Null,
Null,
Null,
Null,
Null,
Null,
Null,
Null,
Null,
Null,
Null,
Null,
Null,
Null,
Null,
Null,
Null,
Null,
Null,
Null,
Null,
Null,
Null,
Null,
Null,
Null,
Null,
Null,
Null,
Null,
Null,
Null,
Null,
Null,
Null,
Null,
Null,
Null,
Null,
Null,
Null,
Null,
Null,
Null,
Null,
Null,
Null,
Null,
Null,
Null,
Null,
Null,
Null,
Null,
Null,
Null,
Null,
Null,
Null,
Null,
Null,
Null,
Null,
Null,
Null,
Null,
Null,
Null,
Null,
Null,
Null,
Null,
Null,
Null,
Null,
Null,
Null,
Null,
Null,
Null,
Null,
Null,
Null,
Null,
Null,
Null,
Null,
Null,
Null,
Null,
Null,
Null,
Null,
Null,
Null,
Null,
Null,
Null,
Null,
Null,
Null,
Null,
Null,
Null,
Null,
Null,
Null,
Null,
Null,
Null,
Null,
Null,
Null,
Null,
Null,
Null,
Null,
Null,
Null,
Null,
Null,
Null,
Null,
Null,
Null,
Null,
Null,
Null,
Null,
Null,
Null,
Null,
Null,
Null,
Null,
Null,
Null,
Null,
Null,
Null,
Null,
Null,
Null,
Null,
Null,
Null,
Null,
Null,
Null,
Null,
Null,
Null,
Null,
Null,
Null,
Null,
Null,
Null,
Null,
Null,
Null,
Null,
Null,
Null,
Null,
Null,
Null,
Null,
Null,
Null,
Null,
Null,
Null,
Null,
Null,
Null,
Null,
Null,
Null,
Null,
Null,
Null,
Null,
Null,
Null,
Null,
Null,
Null,
Null,
Null,
Null,
Null,
Null,
Null,
Null,
Null,
Null,
Null,
Null,
Null,
Null,
Null,
Null,
Null,
Null,
Null,
Null,
Null,
Null,
Null,
Null,
Null,
Null,
Null,
Null,
Null,
Null,
Null,
Null,
Null,
Null,
Null,
Null,
Null,
Null,
Null,
Null,
Null,
Null,
Null,
Null,
Null,
Null,
Null,
Null,
Null,
Null,
Null,
Null,
Null,
Null,
Null,
Null,
Null,
Null,
Null,
Null,
Null,
Null,
Null,
Null,
Null,
Null,
Null,
Null,
Null,
Null,
Null,
Null,
Null,
Null,
Null,
Null,
Null,
Null,
Null,
Null,
Null,
Null,
Null,
Null,
Null,
Null,
Null,
Null,
Null,
Null,
Null,
Null,
Null,
Null,
Null,
Null,
Null,
Null,
Null,
Null,
Null,
Null,
Null,
Null,
Null,
Null,
Null,
Null,
Null,
Null,
Null,
Null,
Null,
Null,
Null,
Null,
Null,
Null,
Null,
Null,
Null,
Null,
Null,
Null,
Null,
Null,
Null,
Null,
Null,
Null,
Null,
Null,
Null,
Null,
Null,
Null,
Null,
Null,
Null,
Null,
Null,
Null,
Null,
Null,
Null,
Null,
Null,
Null,
Null,
Null,
Null,
Null,
Null,
Null,
Null,
Null,
Null,
Null,
Null,
Null,
Null,
Null,
Null,
Null,
Null,
Null,
Null,
Null,
Null,
Null,
Null,
Null,
Null,
Null,
Null,
Null,
Null,
Null,
Null,
Null,
Null,
Null,
Null,
Null,
Null,
Null,
Null,
Null,
Null,
Null,
Null,
Null,
Null,
Null,
Null,
Null,
Null,
Null,
Null,
Null,
Null,
Null,
Null,
Null,
Null,
Null,
Null,
Null,
Null,
Null,
Null,
Null,
Null,
Null,
Null,
Null,
Null,
Null,
Null,
Null,
Null,
Null,
Null,
Null,
Null,
Null,
Null,
Null,
Null,
Null,
Null,
Null,
Null,
Null,
Null,
Null,
Null,
Null,
Null,
Null,
Null,
Null,
Null,
Null,
Null,
Null,
Null,
Null,
Null,
Null,
Null,
Null,
Null,
Null,
Null,
Null,
Null,
Null,
Null,
Null,
Null,
Null,
Null,
Null,
Null,
Null,
Null,
Null,
Null,
Null,
Null,
Null,
Null,
Null,
Null,
Null,
Null,
Null,
Null,
Null,
Null,
Null,
Null,
Null,
Null,
Null,
Null,
Null,
Null,
Null,
Null,
Null,
Null,
Null,
Null,
Null,
Null,
Null,
Null,
Null,
Null,
Null,
Null,
Null,
Null,
Null,
Null,
Null,
Null,
Null,
Null,
Null,
Null,
Null,
Null,
Null,
Null,
Null,
Null,
Null,
Null,
Null,
Null,
Null,
Null,
Null,
Null,
Null,
Null,
Null,
Null,
Null,
Null,
Null,
Null,
Null,
Null,
Null,
Null,
Null,
Null,
Null,
Null,
Null,
Null,
Null,
Null,
Null,
Null,
Null,
Null,
Null,
Null,
Null,
Null,
Null,
Null,
Null,
Null,
Null,
Null,
Null,
Null,
Null,
Null,
Null,
Null,
Null,
Null,
Null,
Null,
Null,
Null,
Null,
Null,
Null,
Null,
Null,
Null,
Null,
Null,
Null,
Null,
Null,
Null,
Null,
Null,
Null,
Null,
Null,
Null,
Null,
Null,
Null,
Null,
Null,
Null,
Null,
Null,
Null,
Null,
Null,
Null,
Null,
Null,
Null,
Null,
Null,
Null,
Null,
Null,
Null,
Null,
Null,
Null,
Null,
Null,
Null,
Null,
Null,
Null,
Null,
Null,
Null,
Null,
Null,
Null,
Null,
Null,
Null,
Null,
Null,
Null,
Null,
Null,
Null,
Null,
Null,
Null,
Null,
Null,
Null,
Null,
Null,
Null,
Null,
Null,
Null,
Null,
Null,
Null,
Null,
Null,
Null,
Null,
Null,
Null,
Null,
Null,
Null,
Null,
Null,
Null,
Null,
Null,
Null,
Null,
Null,
Null,
Null,
Null,
Null,
Null,
Null,
Null,
Null,
Null,
Null,
Null,
Null,
Null,
Null,
Null,
Null,
Null,
Null,
Null,
Null,
Null,
Null,
Null,
Null,
Null,
Null,
Null,
Null,
Null,
Null,
Null,
Null,
Null,
Null,
Null,
Null,
Null,
Null,
Null,
Null,
Null,
Null,
Null,
Null,
Null,
Null,
Null,
Null,
Null,
Null,
Null,
Null,
Null,
Null,
Null,
Null,
Null,
Null,
Null,
Null,
Null,
Null,
Null,
Null,
Null,
Null,
Null,
Null,
Null,
Null,
Null,
Null,
Null,
Null,
Null,
Null,
Null,
Null,
Null,
Null,
Null,
Null,
Null,
Null,
Null,
Null,
Null,
Null,
Null,
Null,
Null,
Null,
Null,
Null,
Null,
Null,
Null,
Null,
Null,
Null,
Null,
Null,
Null,
Null,
Null,
Null,
Null,
Null,
Null,
Null,
Null,
Null,
Null,
Null,
Null,
Null,
Null,
Null,
Null,
Null,
Null,
Null,
Null,
Null,
Null,
Null,
Null,
Null,
Null,
Null,
Null,
Null,
Null,
Null,
Null,
Null,
Null,
Null,
Null,
Null,
Null,
Null,
Null,
